"crops","unit","geo","time","values"
"UAAIT","PC_UAA","AT","2016",1.4
"UAAIT","PC_UAA","AT11","2016",5.6
"UAAIT","PC_UAA","AT12","2016",2.7
"UAAIT","PC_UAA","AT13","2016",15.4
"UAAIT","PC_UAA","AT21","2016",0
"UAAIT","PC_UAA","AT22","2016",0.4
"UAAIT","PC_UAA","AT31","2016",0.1
"UAAIT","PC_UAA","AT32","2016",0
"UAAIT","PC_UAA","AT33","2016",0.5
"UAAIT","PC_UAA","AT34","2016",0.2
"UAAIT","PC_UAA","BE","2016",0.8
"UAAIT","PC_UAA","BE10","2016",0
"UAAIT","PC_UAA","BE21","2016",2.1
"UAAIT","PC_UAA","BE22","2016",1.9
"UAAIT","PC_UAA","BE23","2016",0.3
"UAAIT","PC_UAA","BE24","2016",0.6
"UAAIT","PC_UAA","BE25","2016",2
"UAAIT","PC_UAA","BE31","2016",0.3
"UAAIT","PC_UAA","BE32","2016",0.1
"UAAIT","PC_UAA","BE33","2016",0.6
"UAAIT","PC_UAA","BE34","2016",NA
"UAAIT","PC_UAA","BE35","2016",0.1
"UAAIT","PC_UAA","BG","2016",2.1
"UAAIT","PC_UAA","BG31","2016",0.5
"UAAIT","PC_UAA","BG32","2016",0.7
"UAAIT","PC_UAA","BG33","2016",0.7
"UAAIT","PC_UAA","BG34","2016",1.9
"UAAIT","PC_UAA","BG41","2016",2.9
"UAAIT","PC_UAA","BG42","2016",7.4
"UAAIT","PC_UAA","CY","2016",21
"UAAIT","PC_UAA","CY00","2016",21
"UAAIT","PC_UAA","CZ","2016",0.7
"UAAIT","PC_UAA","CZ01","2016",1.7
"UAAIT","PC_UAA","CZ02","2016",1.3
"UAAIT","PC_UAA","CZ03","2016",0.3
"UAAIT","PC_UAA","CZ04","2016",0.8
"UAAIT","PC_UAA","CZ05","2016",0.4
"UAAIT","PC_UAA","CZ06","2016",1.4
"UAAIT","PC_UAA","CZ07","2016",0.1
"UAAIT","PC_UAA","CZ08","2016",0.1
"UAAIT","PC_UAA","DE","2016",2.7
"UAAIT","PC_UAA","DE11","2016",1.4
"UAAIT","PC_UAA","DE12","2016",2.7
"UAAIT","PC_UAA","DE13","2016",2.5
"UAAIT","PC_UAA","DE14","2016",0.3
"UAAIT","PC_UAA","DE21","2016",0.8
"UAAIT","PC_UAA","DE22","2016",1.4
"UAAIT","PC_UAA","DE23","2016",1.5
"UAAIT","PC_UAA","DE24","2016",0.2
"UAAIT","PC_UAA","DE25","2016",0.7
"UAAIT","PC_UAA","DE26","2016",1.1
"UAAIT","PC_UAA","DE27","2016",0.5
"UAAIT","PC_UAA","DE30","2016",1.6
"UAAIT","PC_UAA","DE40","2016",1.9
"UAAIT","PC_UAA","DE50","2016",0.1
"UAAIT","PC_UAA","DE60","2016",5.5
"UAAIT","PC_UAA","DE71","2016",9.3
"UAAIT","PC_UAA","DE72","2016",0.2
"UAAIT","PC_UAA","DE73","2016",0
"UAAIT","PC_UAA","DE80","2016",1.6
"UAAIT","PC_UAA","DE91","2016",13.2
"UAAIT","PC_UAA","DE92","2016",6.2
"UAAIT","PC_UAA","DE93","2016",18.2
"UAAIT","PC_UAA","DE94","2016",1.5
"UAAIT","PC_UAA","DEA1","2016",9.1
"UAAIT","PC_UAA","DEA2","2016",2.4
"UAAIT","PC_UAA","DEA3","2016",1.3
"UAAIT","PC_UAA","DEA4","2016",0.5
"UAAIT","PC_UAA","DEA5","2016",0.1
"UAAIT","PC_UAA","DEB1","2016",0.1
"UAAIT","PC_UAA","DEB2","2016",0.1
"UAAIT","PC_UAA","DEB3","2016",8.4
"UAAIT","PC_UAA","DEC0","2016",0.2
"UAAIT","PC_UAA","DED2","2016",0.6
"UAAIT","PC_UAA","DED4","2016",0
"UAAIT","PC_UAA","DED5","2016",1.3
"UAAIT","PC_UAA","DEE0","2016",1.7
"UAAIT","PC_UAA","DEF0","2016",0.7
"UAAIT","PC_UAA","DEG0","2016",0.3
"UAAIT","PC_UAA","DK","2016",5.6
"UAAIT","PC_UAA","DK01","2016",0.8
"UAAIT","PC_UAA","DK02","2016",0.7
"UAAIT","PC_UAA","DK03","2016",8.5
"UAAIT","PC_UAA","DK04","2016",8.9
"UAAIT","PC_UAA","DK05","2016",1
"UAAIT","PC_UAA","EE","2016",0.2
"UAAIT","PC_UAA","EE00","2016",0.2
"UAAIT","PC_UAA","EL","2016",23.6
"UAAIT","PC_UAA","EL30","2016",13.6
"UAAIT","PC_UAA","EL41","2016",3.3
"UAAIT","PC_UAA","EL42","2016",2.4
"UAAIT","PC_UAA","EL43","2016",13.3
"UAAIT","PC_UAA","EL51","2016",35.4
"UAAIT","PC_UAA","EL52","2016",40
"UAAIT","PC_UAA","EL53","2016",13.2
"UAAIT","PC_UAA","EL54","2016",16.6
"UAAIT","PC_UAA","EL61","2016",33.9
"UAAIT","PC_UAA","EL62","2016",1.8
"UAAIT","PC_UAA","EL63","2016",24.6
"UAAIT","PC_UAA","EL64","2016",25.6
"UAAIT","PC_UAA","EL65","2016",21.4
"UAAIT","PC_UAA","ES","2016",13.2
"UAAIT","PC_UAA","ES11","2016",3
"UAAIT","PC_UAA","ES12","2016",0.8
"UAAIT","PC_UAA","ES13","2016",0.4
"UAAIT","PC_UAA","ES21","2016",4.6
"UAAIT","PC_UAA","ES22","2016",15.1
"UAAIT","PC_UAA","ES23","2016",13.3
"UAAIT","PC_UAA","ES24","2016",16.5
"UAAIT","PC_UAA","ES30","2016",5.4
"UAAIT","PC_UAA","ES41","2016",8.5
"UAAIT","PC_UAA","ES42","2016",9.6
"UAAIT","PC_UAA","ES43","2016",9.2
"UAAIT","PC_UAA","ES51","2016",22.1
"UAAIT","PC_UAA","ES52","2016",40.7
"UAAIT","PC_UAA","ES53","2016",6.1
"UAAIT","PC_UAA","ES61","2016",18.6
"UAAIT","PC_UAA","ES62","2016",36.6
"UAAIT","PC_UAA","ES63","2016",NA
"UAAIT","PC_UAA","ES64","2016",0
"UAAIT","PC_UAA","ES70","2016",33.6
"UAAIT","PC_UAA","FI","2016",0.4
"UAAIT","PC_UAA","FI19","2016",0.3
"UAAIT","PC_UAA","FI1B","2016",0.3
"UAAIT","PC_UAA","FI1C","2016",0.6
"UAAIT","PC_UAA","FI1D","2016",0.2
"UAAIT","PC_UAA","FI20","2016",3.1
"UAAIT","PC_UAA","FR","2016",4.9
"UAAIT","PC_UAA","FR10","2016",3.1
"UAAIT","PC_UAA","FR21","2016",1.2
"UAAIT","PC_UAA","FR22","2016",3.1
"UAAIT","PC_UAA","FR23","2016",0.6
"UAAIT","PC_UAA","FR24","2016",6.6
"UAAIT","PC_UAA","FR25","2016",0.4
"UAAIT","PC_UAA","FR26","2016",0.6
"UAAIT","PC_UAA","FR30","2016",2.2
"UAAIT","PC_UAA","FR41","2016",0
"UAAIT","PC_UAA","FR42","2016",16.5
"UAAIT","PC_UAA","FR43","2016",0.4
"UAAIT","PC_UAA","FR51","2016",6.5
"UAAIT","PC_UAA","FR52","2016",0.9
"UAAIT","PC_UAA","FR53","2016",5.7
"UAAIT","PC_UAA","FR61","2016",17.3
"UAAIT","PC_UAA","FR62","2016",7.7
"UAAIT","PC_UAA","FR63","2016",0.3
"UAAIT","PC_UAA","FR71","2016",6.5
"UAAIT","PC_UAA","FR72","2016",2.4
"UAAIT","PC_UAA","FR81","2016",8.4
"UAAIT","PC_UAA","FR82","2016",13.7
"UAAIT","PC_UAA","FR83","2016",7.4
"UAAIT","PC_UAA","FRA1","2016",12.6
"UAAIT","PC_UAA","FRA2","2016",14
"UAAIT","PC_UAA","FRA3","2016",13.9
"UAAIT","PC_UAA","FRA4","2016",22.7
"UAAIT","PC_UAA","HR","2016",1
"UAAIT","PC_UAA","HR03","2016",1.3
"UAAIT","PC_UAA","HR04","2016",0.9
"UAAIT","PC_UAA","HU","2016",2.6
"UAAIT","PC_UAA","HU10","2016",2.3
"UAAIT","PC_UAA","HU21","2016",0.7
"UAAIT","PC_UAA","HU22","2016",1
"UAAIT","PC_UAA","HU23","2016",0.9
"UAAIT","PC_UAA","HU31","2016",0.9
"UAAIT","PC_UAA","HU32","2016",4.6
"UAAIT","PC_UAA","HU33","2016",4.2
"UAAIT","PC_UAA","IE","2016",0
"UAAIT","PC_UAA","IE01","2016",0
"UAAIT","PC_UAA","IE02","2016",0
"UAAIT","PC_UAA","IT","2016",20.2
"UAAIT","PC_UAA","ITC1","2016",37.1
"UAAIT","PC_UAA","ITC2","2016",23.2
"UAAIT","PC_UAA","ITC3","2016",17.6
"UAAIT","PC_UAA","ITC4","2016",53.3
"UAAIT","PC_UAA","ITF1","2016",7.5
"UAAIT","PC_UAA","ITF2","2016",8.5
"UAAIT","PC_UAA","ITF3","2016",18.2
"UAAIT","PC_UAA","ITF4","2016",17.4
"UAAIT","PC_UAA","ITF5","2016",7.8
"UAAIT","PC_UAA","ITF6","2016",13.7
"UAAIT","PC_UAA","ITG1","2016",12.1
"UAAIT","PC_UAA","ITG2","2016",7.7
"UAAIT","PC_UAA","ITH1","2016",18.3
"UAAIT","PC_UAA","ITH2","2016",14.7
"UAAIT","PC_UAA","ITH3","2016",42.2
"UAAIT","PC_UAA","ITH4","2016",36.4
"UAAIT","PC_UAA","ITH5","2016",26.7
"UAAIT","PC_UAA","ITI1","2016",5.3
"UAAIT","PC_UAA","ITI2","2016",5.6
"UAAIT","PC_UAA","ITI3","2016",3.4
"UAAIT","PC_UAA","ITI4","2016",13.9
"UAAIT","PC_UAA","LT","2016",0.1
"UAAIT","PC_UAA","LT00","2016",0.1
"UAAIT","PC_UAA","LV","2016",0
"UAAIT","PC_UAA","LV00","2016",0
"UAAIT","PC_UAA","MT","2016",31.4
"UAAIT","PC_UAA","MT00","2016",31.4
"UAAIT","PC_UAA","NL","2016",11.2
"UAAIT","PC_UAA","NL11","2016",2
"UAAIT","PC_UAA","NL12","2016",1.7
"UAAIT","PC_UAA","NL13","2016",4.8
"UAAIT","PC_UAA","NL21","2016",4.4
"UAAIT","PC_UAA","NL22","2016",7.1
"UAAIT","PC_UAA","NL23","2016",21.6
"UAAIT","PC_UAA","NL31","2016",4.5
"UAAIT","PC_UAA","NL32","2016",14.8
"UAAIT","PC_UAA","NL33","2016",9.7
"UAAIT","PC_UAA","NL34","2016",5.1
"UAAIT","PC_UAA","NL41","2016",30.9
"UAAIT","PC_UAA","NL42","2016",33.3
"UAAIT","PC_UAA","PL","2016",0.9
"UAAIT","PC_UAA","PL11","2016",1.9
"UAAIT","PC_UAA","PL12","2016",1.6
"UAAIT","PC_UAA","PL21","2016",0.9
"UAAIT","PC_UAA","PL22","2016",0.4
"UAAIT","PC_UAA","PL31","2016",0.6
"UAAIT","PC_UAA","PL32","2016",0.3
"UAAIT","PC_UAA","PL33","2016",0.4
"UAAIT","PC_UAA","PL34","2016",0.1
"UAAIT","PC_UAA","PL41","2016",1.1
"UAAIT","PC_UAA","PL42","2016",0.2
"UAAIT","PC_UAA","PL43","2016",0.4
"UAAIT","PC_UAA","PL51","2016",1.1
"UAAIT","PC_UAA","PL52","2016",0.4
"UAAIT","PC_UAA","PL61","2016",2.1
"UAAIT","PC_UAA","PL62","2016",0.6
"UAAIT","PC_UAA","PL63","2016",0.5
"UAAIT","PC_UAA","PT","2016",13
"UAAIT","PC_UAA","PT11","2016",17.6
"UAAIT","PC_UAA","PT15","2016",17.5
"UAAIT","PC_UAA","PT16","2016",16.8
"UAAIT","PC_UAA","PT17","2016",29.6
"UAAIT","PC_UAA","PT18","2016",10.3
"UAAIT","PC_UAA","PT20","2016",0.4
"UAAIT","PC_UAA","PT30","2016",75.3
"UAAIT","PC_UAA","RO","2016",1.9
"UAAIT","PC_UAA","RO11","2016",0.1
"UAAIT","PC_UAA","RO12","2016",0.1
"UAAIT","PC_UAA","RO21","2016",0.4
"UAAIT","PC_UAA","RO22","2016",6.9
"UAAIT","PC_UAA","RO31","2016",2.2
"UAAIT","PC_UAA","RO32","2016",1
"UAAIT","PC_UAA","RO41","2016",2.4
"UAAIT","PC_UAA","RO42","2016",0.3
"UAAIT","PC_UAA","SE","2016",1.7
"UAAIT","PC_UAA","SE11","2016",0.1
"UAAIT","PC_UAA","SE12","2016",0.4
"UAAIT","PC_UAA","SE21","2016",1.7
"UAAIT","PC_UAA","SE22","2016",6.2
"UAAIT","PC_UAA","SE23","2016",0.9
"UAAIT","PC_UAA","SE31","2016",0.5
"UAAIT","PC_UAA","SE32","2016",0.2
"UAAIT","PC_UAA","SE33","2016",0.2
"UAAIT","PC_UAA","SI","2016",0.7
"UAAIT","PC_UAA","SI03","2016",0.8
"UAAIT","PC_UAA","SI04","2016",0.5
"UAAIT","PC_UAA","SK","2016",1.5
"UAAIT","PC_UAA","SK01","2016",7.6
"UAAIT","PC_UAA","SK02","2016",2.5
"UAAIT","PC_UAA","SK03","2016",0.4
"UAAIT","PC_UAA","SK04","2016",0
"UAAIT","PC_UAA","UK","2016",1
"UAAIT","PC_UAA","UKC1","2016",0
"UAAIT","PC_UAA","UKC2","2016",0
"UAAIT","PC_UAA","UKD1","2016",0
"UAAIT","PC_UAA","UKD3","2016",0.1
"UAAIT","PC_UAA","UKD4","2016",1.2
"UAAIT","PC_UAA","UKD6","2016",0.2
"UAAIT","PC_UAA","UKD7","2016",1.1
"UAAIT","PC_UAA","UKE1","2016",1.3
"UAAIT","PC_UAA","UKE2","2016",0.8
"UAAIT","PC_UAA","UKE3","2016",0.6
"UAAIT","PC_UAA","UKE4","2016",0.1
"UAAIT","PC_UAA","UKF1","2016",3.4
"UAAIT","PC_UAA","UKF2","2016",0.2
"UAAIT","PC_UAA","UKF3","2016",2.3
"UAAIT","PC_UAA","UKG1","2016",1
"UAAIT","PC_UAA","UKG2","2016",3.1
"UAAIT","PC_UAA","UKG3","2016",0.8
"UAAIT","PC_UAA","UKH1","2016",8.8
"UAAIT","PC_UAA","UKH2","2016",0.9
"UAAIT","PC_UAA","UKH3","2016",3.1
"UAAIT","PC_UAA","UKI5","2016",4.8
"UAAIT","PC_UAA","UKI6","2016",0.8
"UAAIT","PC_UAA","UKI7","2016",0
"UAAIT","PC_UAA","UKJ1","2016",1
"UAAIT","PC_UAA","UKJ2","2016",0.5
"UAAIT","PC_UAA","UKJ3","2016",0.7
"UAAIT","PC_UAA","UKJ4","2016",2.9
"UAAIT","PC_UAA","UKK1","2016",0.3
"UAAIT","PC_UAA","UKK2","2016",0.1
"UAAIT","PC_UAA","UKK3","2016",0.1
"UAAIT","PC_UAA","UKK4","2016",0.1
"UAAIT","PC_UAA","UKL1","2016",0
"UAAIT","PC_UAA","UKL2","2016",0
"UAAIT","PC_UAA","UKM2","2016",0
"UAAIT","PC_UAA","UKM3","2016",NA
"UAAIT","PC_UAA","UKM5","2016",0
"UAAIT","PC_UAA","UKM6","2016",NA
"UAAIT","PC_UAA","UKN0","2016",0
"UAAIT","PC_UAA","AT","2013",1.9
"UAAIT","PC_UAA","AT11","2013",7.5
"UAAIT","PC_UAA","AT12","2013",3.5
"UAAIT","PC_UAA","AT13","2013",12.7
"UAAIT","PC_UAA","AT21","2013",0.1
"UAAIT","PC_UAA","AT22","2013",0.5
"UAAIT","PC_UAA","AT31","2013",0.1
"UAAIT","PC_UAA","AT32","2013",0.1
"UAAIT","PC_UAA","AT33","2013",0.7
"UAAIT","PC_UAA","AT34","2013",0.1
"UAAIT","PC_UAA","BE","2013",0.4
"UAAIT","PC_UAA","BE10","2013",0
"UAAIT","PC_UAA","BE21","2013",0.9
"UAAIT","PC_UAA","BE22","2013",1.5
"UAAIT","PC_UAA","BE23","2013",0.2
"UAAIT","PC_UAA","BE24","2013",0.4
"UAAIT","PC_UAA","BE25","2013",0.8
"UAAIT","PC_UAA","BE31","2013",0.5
"UAAIT","PC_UAA","BE32","2013",0.1
"UAAIT","PC_UAA","BE33","2013",0.3
"UAAIT","PC_UAA","BE34","2013",0
"UAAIT","PC_UAA","BE35","2013",0.2
"UAAIT","PC_UAA","BG","2013",2.1
"UAAIT","PC_UAA","BG31","2013",0.8
"UAAIT","PC_UAA","BG32","2013",0.5
"UAAIT","PC_UAA","BG33","2013",0.6
"UAAIT","PC_UAA","BG34","2013",2.3
"UAAIT","PC_UAA","BG41","2013",3.1
"UAAIT","PC_UAA","BG42","2013",6.6
"UAAIT","PC_UAA","CY","2013",22.6
"UAAIT","PC_UAA","CY00","2013",22.6
"UAAIT","PC_UAA","CZ","2013",0.5
"UAAIT","PC_UAA","CZ01","2013",NA
"UAAIT","PC_UAA","CZ02","2013",1.2
"UAAIT","PC_UAA","CZ03","2013",0
"UAAIT","PC_UAA","CZ04","2013",0.8
"UAAIT","PC_UAA","CZ05","2013",0.3
"UAAIT","PC_UAA","CZ06","2013",0.9
"UAAIT","PC_UAA","CZ07","2013",0.1
"UAAIT","PC_UAA","CZ08","2013",0
"UAAIT","PC_UAA","DE","2013",2.2
"UAAIT","PC_UAA","DE1","2013",1.1
"UAAIT","PC_UAA","DE2","2013",0.5
"UAAIT","PC_UAA","DE3","2013",2.5
"UAAIT","PC_UAA","DE4","2013",1.6
"UAAIT","PC_UAA","DE5","2013",NA
"UAAIT","PC_UAA","DE6","2013",4.5
"UAAIT","PC_UAA","DE7","2013",1.8
"UAAIT","PC_UAA","DE8","2013",1.4
"UAAIT","PC_UAA","DE9","2013",8
"UAAIT","PC_UAA","DEA","2013",1.8
"UAAIT","PC_UAA","DEB","2013",2.5
"UAAIT","PC_UAA","DEC","2013",0.2
"UAAIT","PC_UAA","DED","2013",0.5
"UAAIT","PC_UAA","DEE","2013",1.3
"UAAIT","PC_UAA","DEF","2013",0.5
"UAAIT","PC_UAA","DEG","2013",0.3
"UAAIT","PC_UAA","DK","2013",9.2
"UAAIT","PC_UAA","DK01","2013",1.2
"UAAIT","PC_UAA","DK02","2013",0.7
"UAAIT","PC_UAA","DK03","2013",14.4
"UAAIT","PC_UAA","DK04","2013",15
"UAAIT","PC_UAA","DK05","2013",1.5
"UAAIT","PC_UAA","EE","2013",0
"UAAIT","PC_UAA","EE00","2013",0
"UAAIT","PC_UAA","EL","2013",24
"UAAIT","PC_UAA","EL11","2013",39.1
"UAAIT","PC_UAA","EL12","2013",38.5
"UAAIT","PC_UAA","EL13","2013",9.4
"UAAIT","PC_UAA","EL14","2013",36.3
"UAAIT","PC_UAA","EL21","2013",18
"UAAIT","PC_UAA","EL22","2013",2.3
"UAAIT","PC_UAA","EL23","2013",28.4
"UAAIT","PC_UAA","EL24","2013",27.6
"UAAIT","PC_UAA","EL25","2013",18.8
"UAAIT","PC_UAA","EL30","2013",20.8
"UAAIT","PC_UAA","EL41","2013",3.3
"UAAIT","PC_UAA","EL42","2013",3.1
"UAAIT","PC_UAA","EL43","2013",12.2
"UAAIT","PC_UAA","ES","2013",NA
"UAAIT","PC_UAA","ES11","2013",2.9
"UAAIT","PC_UAA","ES12","2013",1
"UAAIT","PC_UAA","ES13","2013",0.4
"UAAIT","PC_UAA","ES21","2013",3.6
"UAAIT","PC_UAA","ES22","2013",15.3
"UAAIT","PC_UAA","ES23","2013",13.6
"UAAIT","PC_UAA","ES24","2013",15.4
"UAAIT","PC_UAA","ES30","2013",5.1
"UAAIT","PC_UAA","ES41","2013",7.6
"UAAIT","PC_UAA","ES42","2013",8.8
"UAAIT","PC_UAA","ES43","2013",8.6
"UAAIT","PC_UAA","ES51","2013",20.4
"UAAIT","PC_UAA","ES52","2013",40
"UAAIT","PC_UAA","ES53","2013",5.4
"UAAIT","PC_UAA","ES61","2013",17.7
"UAAIT","PC_UAA","ES62","2013",36.6
"UAAIT","PC_UAA","ES63","2013",NA
"UAAIT","PC_UAA","ES64","2013",0
"UAAIT","PC_UAA","ES70","2013",0
"UAAIT","PC_UAA","FI","2013",0.4
"UAAIT","PC_UAA","FI19","2013",0.3
"UAAIT","PC_UAA","FI1B","2013",0.5
"UAAIT","PC_UAA","FI1C","2013",0.7
"UAAIT","PC_UAA","FI1D","2013",0.3
"UAAIT","PC_UAA","FI20","2013",3.7
"UAAIT","PC_UAA","FR","2013",5.1
"UAAIT","PC_UAA","FR10","2013",0
"UAAIT","PC_UAA","FR21","2013",NA
"UAAIT","PC_UAA","FR22","2013",NA
"UAAIT","PC_UAA","FR23","2013",NA
"UAAIT","PC_UAA","FR24","2013",7.8
"UAAIT","PC_UAA","FR25","2013",0.4
"UAAIT","PC_UAA","FR26","2013",0.7
"UAAIT","PC_UAA","FR30","2013",2.2
"UAAIT","PC_UAA","FR41","2013",0.1
"UAAIT","PC_UAA","FR42","2013",17.4
"UAAIT","PC_UAA","FR43","2013",0.3
"UAAIT","PC_UAA","FR51","2013",6.3
"UAAIT","PC_UAA","FR52","2013",0.8
"UAAIT","PC_UAA","FR53","2013",8.3
"UAAIT","PC_UAA","FR61","2013",17.6
"UAAIT","PC_UAA","FR62","2013",8.1
"UAAIT","PC_UAA","FR63","2013",0.3
"UAAIT","PC_UAA","FR71","2013",6.5
"UAAIT","PC_UAA","FR72","2013",1.8
"UAAIT","PC_UAA","FR81","2013",6.3
"UAAIT","PC_UAA","FR82","2013",11.7
"UAAIT","PC_UAA","FR83","2013",7.9
"UAAIT","PC_UAA","FR91","2013",14.9
"UAAIT","PC_UAA","FR92","2013",20.4
"UAAIT","PC_UAA","FR93","2013",10.8
"UAAIT","PC_UAA","FR94","2013",26.3
"UAAIT","PC_UAA","HR","2013",0.9
"UAAIT","PC_UAA","HR03","2013",1.3
"UAAIT","PC_UAA","HR04","2013",0.7
"UAAIT","PC_UAA","HU","2013",3
"UAAIT","PC_UAA","HU10","2013",2.5
"UAAIT","PC_UAA","HU21","2013",0.9
"UAAIT","PC_UAA","HU22","2013",1.6
"UAAIT","PC_UAA","HU23","2013",0.7
"UAAIT","PC_UAA","HU31","2013",0.7
"UAAIT","PC_UAA","HU32","2013",5.2
"UAAIT","PC_UAA","HU33","2013",5.4
"UAAIT","PC_UAA","IE","2013",0
"UAAIT","PC_UAA","IE01","2013",0
"UAAIT","PC_UAA","IE02","2013",0
"UAAIT","PC_UAA","IT","2013",23.7
"UAAIT","PC_UAA","ITC1","2013",40.6
"UAAIT","PC_UAA","ITC2","2013",18.5
"UAAIT","PC_UAA","ITC3","2013",23.8
"UAAIT","PC_UAA","ITC4","2013",62.4
"UAAIT","PC_UAA","ITF1","2013",8.7
"UAAIT","PC_UAA","ITF2","2013",8.3
"UAAIT","PC_UAA","ITF3","2013",19.8
"UAAIT","PC_UAA","ITF4","2013",22.1
"UAAIT","PC_UAA","ITF5","2013",7.6
"UAAIT","PC_UAA","ITF6","2013",16
"UAAIT","PC_UAA","ITG1","2013",11.9
"UAAIT","PC_UAA","ITG2","2013",5.2
"UAAIT","PC_UAA","ITH1","2013",30.1
"UAAIT","PC_UAA","ITH2","2013",14.5
"UAAIT","PC_UAA","ITH3","2013",53.7
"UAAIT","PC_UAA","ITH4","2013",50.8
"UAAIT","PC_UAA","ITH5","2013",33.1
"UAAIT","PC_UAA","ITI1","2013",7.1
"UAAIT","PC_UAA","ITI2","2013",6.9
"UAAIT","PC_UAA","ITI3","2013",6.6
"UAAIT","PC_UAA","ITI4","2013",13.7
"UAAIT","PC_UAA","LT","2013",0.1
"UAAIT","PC_UAA","LT00","2013",0.1
"UAAIT","PC_UAA","LV","2013",0
"UAAIT","PC_UAA","LV00","2013",0
"UAAIT","PC_UAA","MK","2013",23.3
"UAAIT","PC_UAA","MK00","2013",23.3
"UAAIT","PC_UAA","MT","2013",33.6
"UAAIT","PC_UAA","MT00","2013",33.6
"UAAIT","PC_UAA","NL","2013",5.5
"UAAIT","PC_UAA","NL11","2013",0.6
"UAAIT","PC_UAA","NL12","2013",0.4
"UAAIT","PC_UAA","NL13","2013",1.9
"UAAIT","PC_UAA","NL21","2013",2.1
"UAAIT","PC_UAA","NL22","2013",2.8
"UAAIT","PC_UAA","NL23","2013",9.7
"UAAIT","PC_UAA","NL31","2013",2.1
"UAAIT","PC_UAA","NL32","2013",10.5
"UAAIT","PC_UAA","NL33","2013",3.6
"UAAIT","PC_UAA","NL34","2013",1.5
"UAAIT","PC_UAA","NL41","2013",14
"UAAIT","PC_UAA","NL42","2013",22.8
"UAAIT","PC_UAA","NO","2013",2
"UAAIT","PC_UAA","NO01","2013",0.2
"UAAIT","PC_UAA","NO02","2013",4.1
"UAAIT","PC_UAA","NO03","2013",3.4
"UAAIT","PC_UAA","NO04","2013",1
"UAAIT","PC_UAA","NO05","2013",1.7
"UAAIT","PC_UAA","NO06","2013",0.4
"UAAIT","PC_UAA","NO07","2013",0
"UAAIT","PC_UAA","PL","2013",0.3
"UAAIT","PC_UAA","PL11","2013",0.9
"UAAIT","PC_UAA","PL12","2013",0.6
"UAAIT","PC_UAA","PL21","2013",0.1
"UAAIT","PC_UAA","PL22","2013",0.2
"UAAIT","PC_UAA","PL31","2013",0.2
"UAAIT","PC_UAA","PL32","2013",0
"UAAIT","PC_UAA","PL33","2013",0.2
"UAAIT","PC_UAA","PL34","2013",0.1
"UAAIT","PC_UAA","PL41","2013",0.4
"UAAIT","PC_UAA","PL42","2013",0.1
"UAAIT","PC_UAA","PL43","2013",0.1
"UAAIT","PC_UAA","PL51","2013",0.1
"UAAIT","PC_UAA","PL52","2013",0.1
"UAAIT","PC_UAA","PL61","2013",0.9
"UAAIT","PC_UAA","PL62","2013",0
"UAAIT","PC_UAA","PL63","2013",0.2
"UAAIT","PC_UAA","PT","2013",13.1
"UAAIT","PC_UAA","PT11","2013",19.2
"UAAIT","PC_UAA","PT15","2013",17.8
"UAAIT","PC_UAA","PT16","2013",17
"UAAIT","PC_UAA","PT17","2013",31.8
"UAAIT","PC_UAA","PT18","2013",10
"UAAIT","PC_UAA","PT20","2013",0.2
"UAAIT","PC_UAA","PT30","2013",73.8
"UAAIT","PC_UAA","RO","2013",1.2
"UAAIT","PC_UAA","RO11","2013",0
"UAAIT","PC_UAA","RO12","2013",0
"UAAIT","PC_UAA","RO21","2013",0.1
"UAAIT","PC_UAA","RO22","2013",5.8
"UAAIT","PC_UAA","RO31","2013",1
"UAAIT","PC_UAA","RO32","2013",0.2
"UAAIT","PC_UAA","RO41","2013",0.3
"UAAIT","PC_UAA","RO42","2013",0.1
"UAAIT","PC_UAA","SE","2013",1.7
"UAAIT","PC_UAA","SE11","2013",0.1
"UAAIT","PC_UAA","SE12","2013",0.4
"UAAIT","PC_UAA","SE21","2013",1.8
"UAAIT","PC_UAA","SE22","2013",6.4
"UAAIT","PC_UAA","SE23","2013",0.7
"UAAIT","PC_UAA","SE31","2013",0.2
"UAAIT","PC_UAA","SE32","2013",0.2
"UAAIT","PC_UAA","SE33","2013",0.1
"UAAIT","PC_UAA","SI","2013",0.5
"UAAIT","PC_UAA","SI01","2013",0.5
"UAAIT","PC_UAA","SI02","2013",0.6
"UAAIT","PC_UAA","SK","2013",1.3
"UAAIT","PC_UAA","SK01","2013",7.9
"UAAIT","PC_UAA","SK02","2013",2.2
"UAAIT","PC_UAA","SK03","2013",0.1
"UAAIT","PC_UAA","SK04","2013",0
"UAAIT","PC_UAA","UK","2013",0.3
"UAAIT","PC_UAA","UKC1","2013",NA
"UAAIT","PC_UAA","UKC2","2013",0.1
"UAAIT","PC_UAA","UKD1","2013",0
"UAAIT","PC_UAA","UKD3","2013",NA
"UAAIT","PC_UAA","UKD4","2013",0.1
"UAAIT","PC_UAA","UKD6","2013",NA
"UAAIT","PC_UAA","UKD7","2013",NA
"UAAIT","PC_UAA","UKE1","2013",0.5
"UAAIT","PC_UAA","UKE2","2013",0.3
"UAAIT","PC_UAA","UKE3","2013",0.5
"UAAIT","PC_UAA","UKE4","2013",0.1
"UAAIT","PC_UAA","UKF1","2013",1.4
"UAAIT","PC_UAA","UKF2","2013",0
"UAAIT","PC_UAA","UKF3","2013",0.9
"UAAIT","PC_UAA","UKG1","2013",0.5
"UAAIT","PC_UAA","UKG2","2013",0.4
"UAAIT","PC_UAA","UKG3","2013",NA
"UAAIT","PC_UAA","UKH1","2013",2.5
"UAAIT","PC_UAA","UKH2","2013",0.7
"UAAIT","PC_UAA","UKH3","2013",1.1
"UAAIT","PC_UAA","UKI1","2013",0
"UAAIT","PC_UAA","UKI2","2013",0.4
"UAAIT","PC_UAA","UKJ1","2013",0
"UAAIT","PC_UAA","UKJ2","2013",0.2
"UAAIT","PC_UAA","UKJ3","2013",0.2
"UAAIT","PC_UAA","UKJ4","2013",0.9
"UAAIT","PC_UAA","UKK1","2013",0.1
"UAAIT","PC_UAA","UKK2","2013",0
"UAAIT","PC_UAA","UKK3","2013",NA
"UAAIT","PC_UAA","UKK4","2013",0
"UAAIT","PC_UAA","UKL1","2013",NA
"UAAIT","PC_UAA","UKL2","2013",NA
"UAAIT","PC_UAA","UKM2","2013",0.1
"UAAIT","PC_UAA","UKM3","2013",0
"UAAIT","PC_UAA","UKM5","2013",0
"UAAIT","PC_UAA","UKM6","2013",0
"UAAIT","PC_UAA","UKN0","2013",0
"UAAIT","PC_UAA","AT","2010",0.9
"UAAIT","PC_UAA","AT11","2010",3.9
"UAAIT","PC_UAA","AT12","2010",1.7
"UAAIT","PC_UAA","AT13","2010",11.2
"UAAIT","PC_UAA","AT21","2010",0.1
"UAAIT","PC_UAA","AT22","2010",0.3
"UAAIT","PC_UAA","AT31","2010",0.1
"UAAIT","PC_UAA","AT32","2010",0
"UAAIT","PC_UAA","AT33","2010",0.5
"UAAIT","PC_UAA","AT34","2010",0
"UAAIT","PC_UAA","BE","2010",0.3
"UAAIT","PC_UAA","BE10","2010",0
"UAAIT","PC_UAA","BE21","2010",0.7
"UAAIT","PC_UAA","BE22","2010",1.1
"UAAIT","PC_UAA","BE23","2010",0.2
"UAAIT","PC_UAA","BE24","2010",0.1
"UAAIT","PC_UAA","BE25","2010",0.7
"UAAIT","PC_UAA","BE31","2010",0.1
"UAAIT","PC_UAA","BE32","2010",0
"UAAIT","PC_UAA","BE33","2010",0.2
"UAAIT","PC_UAA","BE34","2010",NA
"UAAIT","PC_UAA","BE35","2010",0.2
"UAAIT","PC_UAA","BG","2010",2
"UAAIT","PC_UAA","BG31","2010",0.6
"UAAIT","PC_UAA","BG32","2010",0.2
"UAAIT","PC_UAA","BG33","2010",0.5
"UAAIT","PC_UAA","BG34","2010",1.9
"UAAIT","PC_UAA","BG41","2010",2.8
"UAAIT","PC_UAA","BG42","2010",7.9
"UAAIT","PC_UAA","CY","2010",23.9
"UAAIT","PC_UAA","CY00","2010",23.9
"UAAIT","PC_UAA","CZ","2010",0.6
"UAAIT","PC_UAA","CZ01","2010",NA
"UAAIT","PC_UAA","CZ02","2010",1.3
"UAAIT","PC_UAA","CZ03","2010",0
"UAAIT","PC_UAA","CZ04","2010",0.9
"UAAIT","PC_UAA","CZ05","2010",0.4
"UAAIT","PC_UAA","CZ06","2010",0.8
"UAAIT","PC_UAA","CZ07","2010",0.2
"UAAIT","PC_UAA","CZ08","2010",0.1
"UAAIT","PC_UAA","DE","2010",2.2
"UAAIT","PC_UAA","DE1","2010",1
"UAAIT","PC_UAA","DE2","2010",0.5
"UAAIT","PC_UAA","DE3","2010",1.4
"UAAIT","PC_UAA","DE4","2010",1.6
"UAAIT","PC_UAA","DE5","2010",NA
"UAAIT","PC_UAA","DE6","2010",5.7
"UAAIT","PC_UAA","DE7","2010",2
"UAAIT","PC_UAA","DE8","2010",1.1
"UAAIT","PC_UAA","DE9","2010",8.5
"UAAIT","PC_UAA","DEA","2010",1.9
"UAAIT","PC_UAA","DEB","2010",2.8
"UAAIT","PC_UAA","DEC","2010",0.2
"UAAIT","PC_UAA","DED","2010",0.4
"UAAIT","PC_UAA","DEE","2010",1.1
"UAAIT","PC_UAA","DEF","2010",0.7
"UAAIT","PC_UAA","DEG","2010",0.3
"UAAIT","PC_UAA","DK","2010",12.1
"UAAIT","PC_UAA","DK01","2010",1.2
"UAAIT","PC_UAA","DK02","2010",0.7
"UAAIT","PC_UAA","DK03","2010",17.8
"UAAIT","PC_UAA","DK04","2010",20.1
"UAAIT","PC_UAA","DK05","2010",3.4
"UAAIT","PC_UAA","EE","2010",0
"UAAIT","PC_UAA","EE00","2010",0
"UAAIT","PC_UAA","EL","2010",19.8
"UAAIT","PC_UAA","EL11","2010",23.1
"UAAIT","PC_UAA","EL12","2010",26.5
"UAAIT","PC_UAA","EL13","2010",11.6
"UAAIT","PC_UAA","EL14","2010",22.9
"UAAIT","PC_UAA","EL21","2010",15.5
"UAAIT","PC_UAA","EL22","2010",2.2
"UAAIT","PC_UAA","EL23","2010",23.9
"UAAIT","PC_UAA","EL24","2010",16.5
"UAAIT","PC_UAA","EL25","2010",18.2
"UAAIT","PC_UAA","EL30","2010",17.8
"UAAIT","PC_UAA","EL41","2010",3.1
"UAAIT","PC_UAA","EL42","2010",5.5
"UAAIT","PC_UAA","EL43","2010",18.8
"UAAIT","PC_UAA","ES","2010",12.8
"UAAIT","PC_UAA","ES11","2010",5
"UAAIT","PC_UAA","ES12","2010",2
"UAAIT","PC_UAA","ES13","2010",0.5
"UAAIT","PC_UAA","ES21","2010",3.7
"UAAIT","PC_UAA","ES22","2010",13.5
"UAAIT","PC_UAA","ES23","2010",11.7
"UAAIT","PC_UAA","ES24","2010",16
"UAAIT","PC_UAA","ES30","2010",6.6
"UAAIT","PC_UAA","ES41","2010",8.1
"UAAIT","PC_UAA","ES42","2010",10
"UAAIT","PC_UAA","ES43","2010",8.4
"UAAIT","PC_UAA","ES51","2010",20.6
"UAAIT","PC_UAA","ES52","2010",40.4
"UAAIT","PC_UAA","ES53","2010",6.8
"UAAIT","PC_UAA","ES61","2010",17.4
"UAAIT","PC_UAA","ES62","2010",35.2
"UAAIT","PC_UAA","ES63","2010",NA
"UAAIT","PC_UAA","ES64","2010",NA
"UAAIT","PC_UAA","ES70","2010",28.7
"UAAIT","PC_UAA","FI","2010",0.6
"UAAIT","PC_UAA","FI19","2010",0.4
"UAAIT","PC_UAA","FI1B","2010",0.5
"UAAIT","PC_UAA","FI1C","2010",0.7
"UAAIT","PC_UAA","FI1D","2010",0.5
"UAAIT","PC_UAA","FI20","2010",4.3
"UAAIT","PC_UAA","FR","2010",5.7
"UAAIT","PC_UAA","FR10","2010",5.3
"UAAIT","PC_UAA","FR21","2010",1.1
"UAAIT","PC_UAA","FR22","2010",2.9
"UAAIT","PC_UAA","FR23","2010",0.7
"UAAIT","PC_UAA","FR24","2010",13.8
"UAAIT","PC_UAA","FR25","2010",0.4
"UAAIT","PC_UAA","FR26","2010",0.8
"UAAIT","PC_UAA","FR30","2010",1.7
"UAAIT","PC_UAA","FR41","2010",0
"UAAIT","PC_UAA","FR42","2010",17.5
"UAAIT","PC_UAA","FR43","2010",0.3
"UAAIT","PC_UAA","FR51","2010",6.8
"UAAIT","PC_UAA","FR52","2010",0.8
"UAAIT","PC_UAA","FR53","2010",8.6
"UAAIT","PC_UAA","FR61","2010",16.7
"UAAIT","PC_UAA","FR62","2010",7.9
"UAAIT","PC_UAA","FR63","2010",0.3
"UAAIT","PC_UAA","FR71","2010",7.1
"UAAIT","PC_UAA","FR72","2010",2.1
"UAAIT","PC_UAA","FR81","2010",6.4
"UAAIT","PC_UAA","FR82","2010",12
"UAAIT","PC_UAA","FR83","2010",6.7
"UAAIT","PC_UAA","FR91","2010",11.3
"UAAIT","PC_UAA","FR92","2010",20.3
"UAAIT","PC_UAA","FR93","2010",1.3
"UAAIT","PC_UAA","FR94","2010",20.4
"UAAIT","PC_UAA","HR","2010",1.1
"UAAIT","PC_UAA","HR03","2010",2.9
"UAAIT","PC_UAA","HR04","2010",0.7
"UAAIT","PC_UAA","HU","2010",2.4
"UAAIT","PC_UAA","HU10","2010",3.1
"UAAIT","PC_UAA","HU21","2010",1
"UAAIT","PC_UAA","HU22","2010",0.7
"UAAIT","PC_UAA","HU23","2010",0.6
"UAAIT","PC_UAA","HU31","2010",0.7
"UAAIT","PC_UAA","HU32","2010",4.1
"UAAIT","PC_UAA","HU33","2010",4.2
"UAAIT","PC_UAA","IE","2010",0
"UAAIT","PC_UAA","IE01","2010",0
"UAAIT","PC_UAA","IE02","2010",0
"UAAIT","PC_UAA","IT","2010",18.7
"UAAIT","PC_UAA","ITC1","2010",36
"UAAIT","PC_UAA","ITC2","2010",27.4
"UAAIT","PC_UAA","ITC3","2010",11.7
"UAAIT","PC_UAA","ITC4","2010",58.5
"UAAIT","PC_UAA","ITF1","2010",6.4
"UAAIT","PC_UAA","ITF2","2010",5.4
"UAAIT","PC_UAA","ITF3","2010",15.4
"UAAIT","PC_UAA","ITF4","2010",18.6
"UAAIT","PC_UAA","ITF5","2010",6.5
"UAAIT","PC_UAA","ITF6","2010",13.6
"UAAIT","PC_UAA","ITG1","2010",10.6
"UAAIT","PC_UAA","ITG2","2010",5.5
"UAAIT","PC_UAA","ITH1","2010",17.2
"UAAIT","PC_UAA","ITH2","2010",14.4
"UAAIT","PC_UAA","ITH3","2010",29.7
"UAAIT","PC_UAA","ITH4","2010",28.7
"UAAIT","PC_UAA","ITH5","2010",24.1
"UAAIT","PC_UAA","ITI1","2010",4.3
"UAAIT","PC_UAA","ITI2","2010",6.1
"UAAIT","PC_UAA","ITI3","2010",3.4
"UAAIT","PC_UAA","ITI4","2010",11.9
"UAAIT","PC_UAA","LT","2010",0.1
"UAAIT","PC_UAA","LT00","2010",0.1
"UAAIT","PC_UAA","LV","2010",0
"UAAIT","PC_UAA","LV00","2010",0
"UAAIT","PC_UAA","ME","2010",2.3
"UAAIT","PC_UAA","ME00","2010",2.3
"UAAIT","PC_UAA","MT","2010",24.7
"UAAIT","PC_UAA","MT00","2010",24.7
"UAAIT","PC_UAA","NL","2010",7.3
"UAAIT","PC_UAA","NL11","2010",1.3
"UAAIT","PC_UAA","NL12","2010",0.5
"UAAIT","PC_UAA","NL13","2010",3.5
"UAAIT","PC_UAA","NL21","2010",2.5
"UAAIT","PC_UAA","NL22","2010",4.1
"UAAIT","PC_UAA","NL23","2010",16.4
"UAAIT","PC_UAA","NL31","2010",3.4
"UAAIT","PC_UAA","NL32","2010",11.4
"UAAIT","PC_UAA","NL33","2010",5.8
"UAAIT","PC_UAA","NL34","2010",2.5
"UAAIT","PC_UAA","NL41","2010",19.1
"UAAIT","PC_UAA","NL42","2010",23.1
"UAAIT","PC_UAA","NO","2010",4
"UAAIT","PC_UAA","NO01","2010",1.6
"UAAIT","PC_UAA","NO02","2010",9.1
"UAAIT","PC_UAA","NO03","2010",6.8
"UAAIT","PC_UAA","NO04","2010",2.7
"UAAIT","PC_UAA","NO05","2010",1.8
"UAAIT","PC_UAA","NO06","2010",0.6
"UAAIT","PC_UAA","NO07","2010",0.2
"UAAIT","PC_UAA","PL","2010",0.3
"UAAIT","PC_UAA","PL11","2010",0.9
"UAAIT","PC_UAA","PL12","2010",0.5
"UAAIT","PC_UAA","PL21","2010",0.1
"UAAIT","PC_UAA","PL22","2010",0.1
"UAAIT","PC_UAA","PL31","2010",0.2
"UAAIT","PC_UAA","PL32","2010",0
"UAAIT","PC_UAA","PL33","2010",0.1
"UAAIT","PC_UAA","PL34","2010",0
"UAAIT","PC_UAA","PL41","2010",0.4
"UAAIT","PC_UAA","PL42","2010",0.1
"UAAIT","PC_UAA","PL43","2010",0.3
"UAAIT","PC_UAA","PL51","2010",0.2
"UAAIT","PC_UAA","PL52","2010",0.1
"UAAIT","PC_UAA","PL61","2010",0.8
"UAAIT","PC_UAA","PL62","2010",0.1
"UAAIT","PC_UAA","PL63","2010",0.4
"UAAIT","PC_UAA","PT","2010",12.7
"UAAIT","PC_UAA","PT11","2010",18.8
"UAAIT","PC_UAA","PT15","2010",17.9
"UAAIT","PC_UAA","PT16","2010",19.1
"UAAIT","PC_UAA","PT17","2010",25.9
"UAAIT","PC_UAA","PT18","2010",9
"UAAIT","PC_UAA","PT20","2010",0.2
"UAAIT","PC_UAA","PT30","2010",75.3
"UAAIT","PC_UAA","RO","2010",1
"UAAIT","PC_UAA","RO11","2010",0
"UAAIT","PC_UAA","RO12","2010",0.1
"UAAIT","PC_UAA","RO21","2010",0.1
"UAAIT","PC_UAA","RO22","2010",4.3
"UAAIT","PC_UAA","RO31","2010",1.2
"UAAIT","PC_UAA","RO32","2010",0.2
"UAAIT","PC_UAA","RO41","2010",0.4
"UAAIT","PC_UAA","RO42","2010",0.1
"UAAIT","PC_UAA","SE","2010",2.1
"UAAIT","PC_UAA","SE11","2010",0.9
"UAAIT","PC_UAA","SE12","2010",0.8
"UAAIT","PC_UAA","SE21","2010",1.9
"UAAIT","PC_UAA","SE22","2010",6.1
"UAAIT","PC_UAA","SE23","2010",1.5
"UAAIT","PC_UAA","SE31","2010",0.7
"UAAIT","PC_UAA","SE32","2010",0.6
"UAAIT","PC_UAA","SE33","2010",0.6
"UAAIT","PC_UAA","SI","2010",0.3
"UAAIT","PC_UAA","SI01","2010",0.2
"UAAIT","PC_UAA","SI02","2010",0.4
"UAAIT","PC_UAA","SK","2010",0.8
"UAAIT","PC_UAA","SK01","2010",5.5
"UAAIT","PC_UAA","SK02","2010",1.2
"UAAIT","PC_UAA","SK03","2010",0.1
"UAAIT","PC_UAA","SK04","2010",0
"UAAIT","PC_UAA","UK","2010",0.4
"UAAIT","PC_UAA","UKC1","2010",NA
"UAAIT","PC_UAA","UKC2","2010",0.1
"UAAIT","PC_UAA","UKD1","2010",NA
"UAAIT","PC_UAA","UKD3","2010",NA
"UAAIT","PC_UAA","UKD4","2010",0.4
"UAAIT","PC_UAA","UKD6","2010",0.3
"UAAIT","PC_UAA","UKD7","2010",NA
"UAAIT","PC_UAA","UKE1","2010",0.9
"UAAIT","PC_UAA","UKE2","2010",0.4
"UAAIT","PC_UAA","UKE3","2010",0.5
"UAAIT","PC_UAA","UKE4","2010",0.1
"UAAIT","PC_UAA","UKF1","2010",1.2
"UAAIT","PC_UAA","UKF2","2010",0
"UAAIT","PC_UAA","UKF3","2010",1.1
"UAAIT","PC_UAA","UKG1","2010",0.5
"UAAIT","PC_UAA","UKG2","2010",1.1
"UAAIT","PC_UAA","UKG3","2010",NA
"UAAIT","PC_UAA","UKH1","2010",3
"UAAIT","PC_UAA","UKH2","2010",0.5
"UAAIT","PC_UAA","UKH3","2010",1.4
"UAAIT","PC_UAA","UKI1","2010",0
"UAAIT","PC_UAA","UKI2","2010",1.2
"UAAIT","PC_UAA","UKJ1","2010",0.1
"UAAIT","PC_UAA","UKJ2","2010",0.7
"UAAIT","PC_UAA","UKJ3","2010",0.4
"UAAIT","PC_UAA","UKJ4","2010",1.5
"UAAIT","PC_UAA","UKK1","2010",0.1
"UAAIT","PC_UAA","UKK2","2010",0.1
"UAAIT","PC_UAA","UKK3","2010",0
"UAAIT","PC_UAA","UKK4","2010",0
"UAAIT","PC_UAA","UKL1","2010",0
"UAAIT","PC_UAA","UKL2","2010",0
"UAAIT","PC_UAA","UKM2","2010",0.4
"UAAIT","PC_UAA","UKM3","2010",0
"UAAIT","PC_UAA","UKM5","2010",0
"UAAIT","PC_UAA","UKM6","2010",0
"UAAIT","PC_UAA","UKN0","2010",0
"UAAIT","PC_UAA","AT","2007",1.4
"UAAIT","PC_UAA","AT11","2007",5.8
"UAAIT","PC_UAA","AT12","2007",3
"UAAIT","PC_UAA","AT13","2007",6.9
"UAAIT","PC_UAA","AT21","2007",0.1
"UAAIT","PC_UAA","AT22","2007",0.3
"UAAIT","PC_UAA","AT31","2007",0.1
"UAAIT","PC_UAA","AT32","2007",0
"UAAIT","PC_UAA","AT33","2007",0.5
"UAAIT","PC_UAA","AT34","2007",0
"UAAIT","PC_UAA","BE","2007",0.4
"UAAIT","PC_UAA","BE10","2007",0
"UAAIT","PC_UAA","BE21","2007",1
"UAAIT","PC_UAA","BE22","2007",2.2
"UAAIT","PC_UAA","BE23","2007",0.3
"UAAIT","PC_UAA","BE24","2007",0.2
"UAAIT","PC_UAA","BE25","2007",0.9
"UAAIT","PC_UAA","BE31","2007",NA
"UAAIT","PC_UAA","BE32","2007",0
"UAAIT","PC_UAA","BE33","2007",0.1
"UAAIT","PC_UAA","BE34","2007",NA
"UAAIT","PC_UAA","BE35","2007",NA
"UAAIT","PC_UAA","BG","2007",2.4
"UAAIT","PC_UAA","BG31","2007",0.3
"UAAIT","PC_UAA","BG32","2007",0.3
"UAAIT","PC_UAA","BG33","2007",0.7
"UAAIT","PC_UAA","BG34","2007",2.6
"UAAIT","PC_UAA","BG41","2007",5.7
"UAAIT","PC_UAA","BG42","2007",10.4
"UAAIT","PC_UAA","CH","2007",0
"UAAIT","PC_UAA","CH01","2007",0
"UAAIT","PC_UAA","CH02","2007",0
"UAAIT","PC_UAA","CH03","2007",0
"UAAIT","PC_UAA","CH04","2007",0
"UAAIT","PC_UAA","CH05","2007",0
"UAAIT","PC_UAA","CH06","2007",0
"UAAIT","PC_UAA","CH07","2007",0
"UAAIT","PC_UAA","CY","2007",21.4
"UAAIT","PC_UAA","CY00","2007",21.4
"UAAIT","PC_UAA","CZ","2007",0.6
"UAAIT","PC_UAA","CZ01","2007",1.4
"UAAIT","PC_UAA","CZ02","2007",1.1
"UAAIT","PC_UAA","CZ03","2007",0
"UAAIT","PC_UAA","CZ04","2007",1
"UAAIT","PC_UAA","CZ05","2007",0.3
"UAAIT","PC_UAA","CZ06","2007",1
"UAAIT","PC_UAA","CZ07","2007",0.1
"UAAIT","PC_UAA","CZ08","2007",0.1
"UAAIT","PC_UAA","DK","2007",9.5
"UAAIT","PC_UAA","DK01","2007",1.7
"UAAIT","PC_UAA","DK02","2007",0.8
"UAAIT","PC_UAA","DK03","2007",14.1
"UAAIT","PC_UAA","DK04","2007",15.5
"UAAIT","PC_UAA","DK05","2007",2.5
"UAAIT","PC_UAA","EL","2007",31.4
"UAAIT","PC_UAA","EL11","2007",43.8
"UAAIT","PC_UAA","EL12","2007",43
"UAAIT","PC_UAA","EL13","2007",17.5
"UAAIT","PC_UAA","EL14","2007",47.9
"UAAIT","PC_UAA","EL21","2007",29.5
"UAAIT","PC_UAA","EL22","2007",3.9
"UAAIT","PC_UAA","EL23","2007",33.8
"UAAIT","PC_UAA","EL24","2007",30.2
"UAAIT","PC_UAA","EL25","2007",26.2
"UAAIT","PC_UAA","EL30","2007",20.6
"UAAIT","PC_UAA","EL41","2007",4
"UAAIT","PC_UAA","EL42","2007",5.5
"UAAIT","PC_UAA","EL43","2007",22.9
"UAAIT","PC_UAA","ES","2007",13.1
"UAAIT","PC_UAA","ES11","2007",5.2
"UAAIT","PC_UAA","ES12","2007",1
"UAAIT","PC_UAA","ES13","2007",0.2
"UAAIT","PC_UAA","ES21","2007",2.9
"UAAIT","PC_UAA","ES22","2007",10.9
"UAAIT","PC_UAA","ES23","2007",11.3
"UAAIT","PC_UAA","ES24","2007",16.8
"UAAIT","PC_UAA","ES30","2007",6.4
"UAAIT","PC_UAA","ES41","2007",8.1
"UAAIT","PC_UAA","ES42","2007",11.2
"UAAIT","PC_UAA","ES43","2007",9.4
"UAAIT","PC_UAA","ES51","2007",19.3
"UAAIT","PC_UAA","ES52","2007",40.5
"UAAIT","PC_UAA","ES53","2007",7.2
"UAAIT","PC_UAA","ES61","2007",18
"UAAIT","PC_UAA","ES62","2007",37.7
"UAAIT","PC_UAA","ES63","2007",NA
"UAAIT","PC_UAA","ES64","2007",NA
"UAAIT","PC_UAA","ES70","2007",NA
"UAAIT","PC_UAA","FI","2007",0
"UAAIT","PC_UAA","FI19","2007",0
"UAAIT","PC_UAA","FI1B","2007",0
"UAAIT","PC_UAA","FI1C","2007",0
"UAAIT","PC_UAA","FI1D","2007",0
"UAAIT","PC_UAA","FI20","2007",0
"UAAIT","PC_UAA","FR","2007",5.5
"UAAIT","PC_UAA","FR10","2007",5.2
"UAAIT","PC_UAA","FR21","2007",1
"UAAIT","PC_UAA","FR22","2007",2.1
"UAAIT","PC_UAA","FR23","2007",0.6
"UAAIT","PC_UAA","FR24","2007",12.5
"UAAIT","PC_UAA","FR25","2007",0.3
"UAAIT","PC_UAA","FR26","2007",0.9
"UAAIT","PC_UAA","FR30","2007",1.2
"UAAIT","PC_UAA","FR41","2007",0
"UAAIT","PC_UAA","FR42","2007",16.8
"UAAIT","PC_UAA","FR43","2007",0.4
"UAAIT","PC_UAA","FR51","2007",5
"UAAIT","PC_UAA","FR52","2007",0.7
"UAAIT","PC_UAA","FR53","2007",8.7
"UAAIT","PC_UAA","FR61","2007",17.6
"UAAIT","PC_UAA","FR62","2007",9.1
"UAAIT","PC_UAA","FR63","2007",0.1
"UAAIT","PC_UAA","FR71","2007",7
"UAAIT","PC_UAA","FR72","2007",1.6
"UAAIT","PC_UAA","FR81","2007",6.1
"UAAIT","PC_UAA","FR82","2007",16.5
"UAAIT","PC_UAA","FR83","2007",8.3
"UAAIT","PC_UAA","FR91","2007",10.3
"UAAIT","PC_UAA","FR92","2007",20.9
"UAAIT","PC_UAA","FR93","2007",34.8
"UAAIT","PC_UAA","FR94","2007",18.8
"UAAIT","PC_UAA","HR","2007",0.9
"UAAIT","PC_UAA","HR03","2007",2.1
"UAAIT","PC_UAA","HR04","2007",0.7
"UAAIT","PC_UAA","HU","2007",2.1
"UAAIT","PC_UAA","HU10","2007",1
"UAAIT","PC_UAA","HU21","2007",0.6
"UAAIT","PC_UAA","HU22","2007",0.8
"UAAIT","PC_UAA","HU23","2007",0.7
"UAAIT","PC_UAA","HU31","2007",0.5
"UAAIT","PC_UAA","HU32","2007",3.7
"UAAIT","PC_UAA","HU33","2007",3.7
"UAAIT","PC_UAA","IE","2007",0
"UAAIT","PC_UAA","IE01","2007",0
"UAAIT","PC_UAA","IE02","2007",0
"UAAIT","PC_UAA","IT","2007",20.9
"UAAIT","PC_UAA","ITC1","2007",34.8
"UAAIT","PC_UAA","ITC2","2007",25.3
"UAAIT","PC_UAA","ITC3","2007",11.6
"UAAIT","PC_UAA","ITC4","2007",56.9
"UAAIT","PC_UAA","ITF1","2007",8
"UAAIT","PC_UAA","ITF2","2007",7.5
"UAAIT","PC_UAA","ITF3","2007",13.9
"UAAIT","PC_UAA","ITF4","2007",22.7
"UAAIT","PC_UAA","ITF5","2007",8.4
"UAAIT","PC_UAA","ITF6","2007",17.2
"UAAIT","PC_UAA","ITG1","2007",14
"UAAIT","PC_UAA","ITG2","2007",7.4
"UAAIT","PC_UAA","ITH1","2007",17.3
"UAAIT","PC_UAA","ITH2","2007",14.4
"UAAIT","PC_UAA","ITH3","2007",36.4
"UAAIT","PC_UAA","ITH4","2007",36.6
"UAAIT","PC_UAA","ITH5","2007",27.8
"UAAIT","PC_UAA","ITI1","2007",5.9
"UAAIT","PC_UAA","ITI2","2007",7.2
"UAAIT","PC_UAA","ITI3","2007",5.1
"UAAIT","PC_UAA","ITI4","2007",12.8
"UAAIT","PC_UAA","LT","2007",0
"UAAIT","PC_UAA","LT00","2007",0
"UAAIT","PC_UAA","LU","2007",0
"UAAIT","PC_UAA","LU00","2007",0
"UAAIT","PC_UAA","LV","2007",0
"UAAIT","PC_UAA","LV00","2007",0
"UAAIT","PC_UAA","MT","2007",27.2
"UAAIT","PC_UAA","MT00","2007",27.2
"UAAIT","PC_UAA","NL","2007",10.6
"UAAIT","PC_UAA","NL11","2007",3.3
"UAAIT","PC_UAA","NL12","2007",1.1
"UAAIT","PC_UAA","NL13","2007",6.1
"UAAIT","PC_UAA","NL21","2007",7.4
"UAAIT","PC_UAA","NL22","2007",9
"UAAIT","PC_UAA","NL23","2007",20.8
"UAAIT","PC_UAA","NL31","2007",5.3
"UAAIT","PC_UAA","NL32","2007",11.9
"UAAIT","PC_UAA","NL33","2007",7.2
"UAAIT","PC_UAA","NL34","2007",2.1
"UAAIT","PC_UAA","NL41","2007",27
"UAAIT","PC_UAA","NL42","2007",26.7
"UAAIT","PC_UAA","NO","2007",5.3
"UAAIT","PC_UAA","NO01","2007",2.4
"UAAIT","PC_UAA","NO02","2007",14.2
"UAAIT","PC_UAA","NO03","2007",7.5
"UAAIT","PC_UAA","NO04","2007",2.6
"UAAIT","PC_UAA","NO05","2007",1.9
"UAAIT","PC_UAA","NO06","2007",1.1
"UAAIT","PC_UAA","NO07","2007",0.2
"UAAIT","PC_UAA","PL","2007",0.5
"UAAIT","PC_UAA","PL11","2007",1.1
"UAAIT","PC_UAA","PL12","2007",0.8
"UAAIT","PC_UAA","PL21","2007",0.1
"UAAIT","PC_UAA","PL22","2007",0.2
"UAAIT","PC_UAA","PL31","2007",0.1
"UAAIT","PC_UAA","PL32","2007",0
"UAAIT","PC_UAA","PL33","2007",0.1
"UAAIT","PC_UAA","PL34","2007",0.1
"UAAIT","PC_UAA","PL41","2007",0.7
"UAAIT","PC_UAA","PL42","2007",0.2
"UAAIT","PC_UAA","PL43","2007",0.3
"UAAIT","PC_UAA","PL51","2007",0.4
"UAAIT","PC_UAA","PL52","2007",0.2
"UAAIT","PC_UAA","PL61","2007",0.8
"UAAIT","PC_UAA","PL62","2007",0.7
"UAAIT","PC_UAA","PL63","2007",0.7
"UAAIT","PC_UAA","PT","2007",12.1
"UAAIT","PC_UAA","PT11","2007",17.5
"UAAIT","PC_UAA","PT15","2007",15.9
"UAAIT","PC_UAA","PT16","2007",18
"UAAIT","PC_UAA","PT17","2007",31
"UAAIT","PC_UAA","PT18","2007",7.9
"UAAIT","PC_UAA","PT20","2007",0
"UAAIT","PC_UAA","PT30","2007",76.9
"UAAIT","PC_UAA","RO","2007",1.3
"UAAIT","PC_UAA","RO11","2007",0
"UAAIT","PC_UAA","RO12","2007",0
"UAAIT","PC_UAA","RO21","2007",1.5
"UAAIT","PC_UAA","RO22","2007",4
"UAAIT","PC_UAA","RO31","2007",1.8
"UAAIT","PC_UAA","RO32","2007",0.2
"UAAIT","PC_UAA","RO41","2007",0.9
"UAAIT","PC_UAA","RO42","2007",0
"UAAIT","PC_UAA","SE","2007",1.7
"UAAIT","PC_UAA","SE11","2007",0.2
"UAAIT","PC_UAA","SE12","2007",0.3
"UAAIT","PC_UAA","SE21","2007",1.9
"UAAIT","PC_UAA","SE22","2007",5.9
"UAAIT","PC_UAA","SE23","2007",1.2
"UAAIT","PC_UAA","SE31","2007",0.3
"UAAIT","PC_UAA","SE32","2007",0.1
"UAAIT","PC_UAA","SE33","2007",0.2
"UAAIT","PC_UAA","SI","2007",0.3
"UAAIT","PC_UAA","SI01","2007",0.3
"UAAIT","PC_UAA","SI02","2007",0.5
"UAAIT","PC_UAA","SK","2007",2
"UAAIT","PC_UAA","SK01","2007",10.5
"UAAIT","PC_UAA","SK02","2007",3.5
"UAAIT","PC_UAA","SK03","2007",0.4
"UAAIT","PC_UAA","SK04","2007",0.1
"UAAIT","PC_UAA","UK","2007",0.9
"UAAIT","PC_UAA","UKC1","2007",0.4
"UAAIT","PC_UAA","UKC2","2007",0.3
"UAAIT","PC_UAA","UKD1","2007",0.1
"UAAIT","PC_UAA","UKD3","2007",0.2
"UAAIT","PC_UAA","UKD4","2007",0.8
"UAAIT","PC_UAA","UKD6","2007",0.7
"UAAIT","PC_UAA","UKD7","2007",0.6
"UAAIT","PC_UAA","UKE1","2007",2.5
"UAAIT","PC_UAA","UKE2","2007",1
"UAAIT","PC_UAA","UKE3","2007",2
"UAAIT","PC_UAA","UKE4","2007",0.9
"UAAIT","PC_UAA","UKF1","2007",2.5
"UAAIT","PC_UAA","UKF2","2007",0.6
"UAAIT","PC_UAA","UKF3","2007",2.4
"UAAIT","PC_UAA","UKG1","2007",1.4
"UAAIT","PC_UAA","UKG2","2007",1.6
"UAAIT","PC_UAA","UKG3","2007",0.8
"UAAIT","PC_UAA","UKH1","2007",5.4
"UAAIT","PC_UAA","UKH2","2007",1.2
"UAAIT","PC_UAA","UKH3","2007",3.5
"UAAIT","PC_UAA","UKI1","2007",0
"UAAIT","PC_UAA","UKI2","2007",1.1
"UAAIT","PC_UAA","UKJ1","2007",0.8
"UAAIT","PC_UAA","UKJ2","2007",1.1
"UAAIT","PC_UAA","UKJ3","2007",0.8
"UAAIT","PC_UAA","UKJ4","2007",2.2
"UAAIT","PC_UAA","UKK1","2007",0.6
"UAAIT","PC_UAA","UKK2","2007",0.6
"UAAIT","PC_UAA","UKK3","2007",0.5
"UAAIT","PC_UAA","UKK4","2007",0.3
"UAAIT","PC_UAA","UKL1","2007",0.1
"UAAIT","PC_UAA","UKL2","2007",0
"UAAIT","PC_UAA","UKM2","2007",0
"UAAIT","PC_UAA","UKM3","2007",0
"UAAIT","PC_UAA","UKM5","2007",0
"UAAIT","PC_UAA","UKM6","2007",0
"UAAIT","PC_UAA","UKN0","2007",0
"UAAIT","PC_UAA","AT","2005",1.2
"UAAIT","PC_UAA","AT11","2005",6.2
"UAAIT","PC_UAA","AT12","2005",2.4
"UAAIT","PC_UAA","AT13","2005",11.3
"UAAIT","PC_UAA","AT21","2005",0.1
"UAAIT","PC_UAA","AT22","2005",0.2
"UAAIT","PC_UAA","AT31","2005",0.2
"UAAIT","PC_UAA","AT32","2005",0
"UAAIT","PC_UAA","AT33","2005",0.6
"UAAIT","PC_UAA","AT34","2005",0.1
"UAAIT","PC_UAA","BE","2005",0.2
"UAAIT","PC_UAA","BE10","2005",0
"UAAIT","PC_UAA","BE21","2005",0.5
"UAAIT","PC_UAA","BE22","2005",0.7
"UAAIT","PC_UAA","BE23","2005",0.2
"UAAIT","PC_UAA","BE24","2005",0.1
"UAAIT","PC_UAA","BE25","2005",0.5
"UAAIT","PC_UAA","BE31","2005",NA
"UAAIT","PC_UAA","BE32","2005",0.1
"UAAIT","PC_UAA","BE33","2005",0.3
"UAAIT","PC_UAA","BE34","2005",NA
"UAAIT","PC_UAA","BE35","2005",0.1
"UAAIT","PC_UAA","BG","2005",2
"UAAIT","PC_UAA","BG31","2005",0.5
"UAAIT","PC_UAA","BG32","2005",0.1
"UAAIT","PC_UAA","BG33","2005",0.4
"UAAIT","PC_UAA","BG34","2005",0.9
"UAAIT","PC_UAA","BG41","2005",7.6
"UAAIT","PC_UAA","BG42","2005",10.9
"UAAIT","PC_UAA","CH","2005",0
"UAAIT","PC_UAA","CH01","2005",0
"UAAIT","PC_UAA","CH02","2005",0
"UAAIT","PC_UAA","CH03","2005",0
"UAAIT","PC_UAA","CH04","2005",0
"UAAIT","PC_UAA","CH05","2005",0
"UAAIT","PC_UAA","CH06","2005",0
"UAAIT","PC_UAA","CH07","2005",0
"UAAIT","PC_UAA","CY","2005",22
"UAAIT","PC_UAA","CY00","2005",22
"UAAIT","PC_UAA","CZ","2005",0.5
"UAAIT","PC_UAA","CZ01","2005",0.2
"UAAIT","PC_UAA","CZ02","2005",1.1
"UAAIT","PC_UAA","CZ03","2005",0
"UAAIT","PC_UAA","CZ04","2005",0.9
"UAAIT","PC_UAA","CZ05","2005",0.3
"UAAIT","PC_UAA","CZ06","2005",0.8
"UAAIT","PC_UAA","CZ07","2005",0.1
"UAAIT","PC_UAA","CZ08","2005",0.1
"UAAIT","PC_UAA","DK","2005",9.7
"UAAIT","PC_UAA","DK01","2005",1.5
"UAAIT","PC_UAA","DK02","2005",0.8
"UAAIT","PC_UAA","DK03","2005",14.3
"UAAIT","PC_UAA","DK04","2005",15.5
"UAAIT","PC_UAA","DK05","2005",2.6
"UAAIT","PC_UAA","EL","2005",32.9
"UAAIT","PC_UAA","EL11","2005",47.1
"UAAIT","PC_UAA","EL12","2005",43.6
"UAAIT","PC_UAA","EL13","2005",21.9
"UAAIT","PC_UAA","EL14","2005",54.9
"UAAIT","PC_UAA","EL21","2005",33
"UAAIT","PC_UAA","EL22","2005",2.6
"UAAIT","PC_UAA","EL23","2005",34.2
"UAAIT","PC_UAA","EL24","2005",31.9
"UAAIT","PC_UAA","EL25","2005",25.8
"UAAIT","PC_UAA","EL30","2005",23.6
"UAAIT","PC_UAA","EL41","2005",4.2
"UAAIT","PC_UAA","EL42","2005",4.7
"UAAIT","PC_UAA","EL43","2005",22.3
"UAAIT","PC_UAA","ES","2005",13.5
"UAAIT","PC_UAA","ES11","2005",4.3
"UAAIT","PC_UAA","ES12","2005",1.7
"UAAIT","PC_UAA","ES13","2005",0.4
"UAAIT","PC_UAA","ES21","2005",4.1
"UAAIT","PC_UAA","ES22","2005",11.5
"UAAIT","PC_UAA","ES23","2005",12.4
"UAAIT","PC_UAA","ES24","2005",16.5
"UAAIT","PC_UAA","ES30","2005",7.4
"UAAIT","PC_UAA","ES41","2005",8.5
"UAAIT","PC_UAA","ES42","2005",12.6
"UAAIT","PC_UAA","ES43","2005",9.3
"UAAIT","PC_UAA","ES51","2005",21.5
"UAAIT","PC_UAA","ES52","2005",39.5
"UAAIT","PC_UAA","ES53","2005",7.8
"UAAIT","PC_UAA","ES61","2005",18.1
"UAAIT","PC_UAA","ES62","2005",36.1
"UAAIT","PC_UAA","ES63","2005",NA
"UAAIT","PC_UAA","ES64","2005",NA
"UAAIT","PC_UAA","ES70","2005",31.1
"UAAIT","PC_UAA","FI","2005",0
"UAAIT","PC_UAA","FI13","2005",0
"UAAIT","PC_UAA","FI18","2005",0
"UAAIT","PC_UAA","FI19","2005",0
"UAAIT","PC_UAA","FI1A","2005",0
"UAAIT","PC_UAA","FI20","2005",0
"UAAIT","PC_UAA","FR","2005",6.1
"UAAIT","PC_UAA","FR10","2005",4.9
"UAAIT","PC_UAA","FR21","2005",1.1
"UAAIT","PC_UAA","FR22","2005",3
"UAAIT","PC_UAA","FR23","2005",0.5
"UAAIT","PC_UAA","FR24","2005",12.4
"UAAIT","PC_UAA","FR25","2005",0.4
"UAAIT","PC_UAA","FR26","2005",1
"UAAIT","PC_UAA","FR30","2005",1.7
"UAAIT","PC_UAA","FR41","2005",0
"UAAIT","PC_UAA","FR42","2005",17.9
"UAAIT","PC_UAA","FR43","2005",0.5
"UAAIT","PC_UAA","FR51","2005",6.5
"UAAIT","PC_UAA","FR52","2005",1
"UAAIT","PC_UAA","FR53","2005",9
"UAAIT","PC_UAA","FR61","2005",19.6
"UAAIT","PC_UAA","FR62","2005",10.7
"UAAIT","PC_UAA","FR63","2005",0.3
"UAAIT","PC_UAA","FR71","2005",8.5
"UAAIT","PC_UAA","FR72","2005",2.1
"UAAIT","PC_UAA","FR81","2005",6.9
"UAAIT","PC_UAA","FR82","2005",16.7
"UAAIT","PC_UAA","FR83","2005",8.4
"UAAIT","PC_UAA","FR91","2005",7.6
"UAAIT","PC_UAA","FR92","2005",19.2
"UAAIT","PC_UAA","FR93","2005",35.6
"UAAIT","PC_UAA","FR94","2005",17.1
"UAAIT","PC_UAA","HU","2005",1.8
"UAAIT","PC_UAA","HU10","2005",1.7
"UAAIT","PC_UAA","HU21","2005",0.7
"UAAIT","PC_UAA","HU22","2005",0.8
"UAAIT","PC_UAA","HU23","2005",0.7
"UAAIT","PC_UAA","HU31","2005",0.6
"UAAIT","PC_UAA","HU32","2005",2.7
"UAAIT","PC_UAA","HU33","2005",3.1
"UAAIT","PC_UAA","IE","2005",0
"UAAIT","PC_UAA","IE01","2005",0
"UAAIT","PC_UAA","IE02","2005",0
"UAAIT","PC_UAA","IT","2005",20.6
"UAAIT","PC_UAA","ITC1","2005",36.8
"UAAIT","PC_UAA","ITC2","2005",25.2
"UAAIT","PC_UAA","ITC3","2005",8.5
"UAAIT","PC_UAA","ITC4","2005",60.2
"UAAIT","PC_UAA","ITD1","2005",14.5
"UAAIT","PC_UAA","ITD2","2005",13.7
"UAAIT","PC_UAA","ITD3","2005",34.5
"UAAIT","PC_UAA","ITD4","2005",31.6
"UAAIT","PC_UAA","ITD5","2005",26
"UAAIT","PC_UAA","ITE1","2005",6.3
"UAAIT","PC_UAA","ITE2","2005",8.5
"UAAIT","PC_UAA","ITE3","2005",5.3
"UAAIT","PC_UAA","ITE4","2005",12.8
"UAAIT","PC_UAA","ITF1","2005",8.8
"UAAIT","PC_UAA","ITF2","2005",5.7
"UAAIT","PC_UAA","ITF3","2005",16.6
"UAAIT","PC_UAA","ITF4","2005",19.4
"UAAIT","PC_UAA","ITF5","2005",8.5
"UAAIT","PC_UAA","ITF6","2005",15.9
"UAAIT","PC_UAA","ITG1","2005",14.4
"UAAIT","PC_UAA","ITG2","2005",6.8
"UAAIT","PC_UAA","LT","2005",0
"UAAIT","PC_UAA","LT00","2005",0
"UAAIT","PC_UAA","LV","2005",0
"UAAIT","PC_UAA","LV00","2005",0
"UAAIT","PC_UAA","MT","2005",24
"UAAIT","PC_UAA","MT00","2005",24
"UAAIT","PC_UAA","NL","2005",4.8
"UAAIT","PC_UAA","NL11","2005",1.7
"UAAIT","PC_UAA","NL12","2005",0.8
"UAAIT","PC_UAA","NL13","2005",2
"UAAIT","PC_UAA","NL21","2005",2.1
"UAAIT","PC_UAA","NL22","2005",3
"UAAIT","PC_UAA","NL23","2005",10.2
"UAAIT","PC_UAA","NL31","2005",3.6
"UAAIT","PC_UAA","NL32","2005",8.4
"UAAIT","PC_UAA","NL33","2005",2.1
"UAAIT","PC_UAA","NL34","2005",0.6
"UAAIT","PC_UAA","NL41","2005",12.6
"UAAIT","PC_UAA","NL42","2005",12.2
"UAAIT","PC_UAA","NO","2005",4.2
"UAAIT","PC_UAA","NO01","2005",1.8
"UAAIT","PC_UAA","NO02","2005",10.1
"UAAIT","PC_UAA","NO03","2005",7.1
"UAAIT","PC_UAA","NO04","2005",1.8
"UAAIT","PC_UAA","NO05","2005",1.7
"UAAIT","PC_UAA","NO06","2005",0.8
"UAAIT","PC_UAA","NO07","2005",0.4
"UAAIT","PC_UAA","PL","2005",0.5
"UAAIT","PC_UAA","PL11","2005",0.9
"UAAIT","PC_UAA","PL12","2005",0.8
"UAAIT","PC_UAA","PL21","2005",0.1
"UAAIT","PC_UAA","PL22","2005",0.2
"UAAIT","PC_UAA","PL31","2005",0.2
"UAAIT","PC_UAA","PL32","2005",0
"UAAIT","PC_UAA","PL33","2005",0.1
"UAAIT","PC_UAA","PL34","2005",0.1
"UAAIT","PC_UAA","PL41","2005",0.5
"UAAIT","PC_UAA","PL42","2005",0.5
"UAAIT","PC_UAA","PL43","2005",0.4
"UAAIT","PC_UAA","PL51","2005",0.3
"UAAIT","PC_UAA","PL52","2005",0.1
"UAAIT","PC_UAA","PL61","2005",0.7
"UAAIT","PC_UAA","PL62","2005",1
"UAAIT","PC_UAA","PL63","2005",0.7
"UAAIT","PC_UAA","PT","2005",12.3
"UAAIT","PC_UAA","PT11","2005",20
"UAAIT","PC_UAA","PT15","2005",17.4
"UAAIT","PC_UAA","PT16","2005",19.2
"UAAIT","PC_UAA","PT17","2005",19.2
"UAAIT","PC_UAA","PT18","2005",7.3
"UAAIT","PC_UAA","PT20","2005",0
"UAAIT","PC_UAA","PT30","2005",72.2
"UAAIT","PC_UAA","RO","2005",0.6
"UAAIT","PC_UAA","RO11","2005",0
"UAAIT","PC_UAA","RO12","2005",0
"UAAIT","PC_UAA","RO21","2005",0.1
"UAAIT","PC_UAA","RO22","2005",2
"UAAIT","PC_UAA","RO31","2005",1
"UAAIT","PC_UAA","RO32","2005",1.2
"UAAIT","PC_UAA","RO41","2005",0.7
"UAAIT","PC_UAA","RO42","2005",0.3
"UAAIT","PC_UAA","SE","2005",1.5
"UAAIT","PC_UAA","SE11","2005",0.4
"UAAIT","PC_UAA","SE12","2005",0.3
"UAAIT","PC_UAA","SE21","2005",1.5
"UAAIT","PC_UAA","SE22","2005",5.5
"UAAIT","PC_UAA","SE23","2005",0.8
"UAAIT","PC_UAA","SE31","2005",0.3
"UAAIT","PC_UAA","SE32","2005",0.2
"UAAIT","PC_UAA","SE33","2005",0.1
"UAAIT","PC_UAA","SI","2005",0.5
"UAAIT","PC_UAA","SI01","2005",0.4
"UAAIT","PC_UAA","SI02","2005",0.7
"UAAIT","PC_UAA","SK","2005",2.4
"UAAIT","PC_UAA","SK01","2005",10.9
"UAAIT","PC_UAA","SK02","2005",4.1
"UAAIT","PC_UAA","SK03","2005",0.3
"UAAIT","PC_UAA","SK04","2005",0.3
"UAAIT","PC_UAA","UK","2005",1.3
"UAAIT","PC_UAA","UKC1","2005",0.1
"UAAIT","PC_UAA","UKC2","2005",0.2
"UAAIT","PC_UAA","UKD1","2005",0.1
"UAAIT","PC_UAA","UKD2","2005",0.8
"UAAIT","PC_UAA","UKD3","2005",0.8
"UAAIT","PC_UAA","UKD4","2005",1.2
"UAAIT","PC_UAA","UKD5","2005",0.8
"UAAIT","PC_UAA","UKE1","2005",3
"UAAIT","PC_UAA","UKE2","2005",1.7
"UAAIT","PC_UAA","UKE3","2005",2.4
"UAAIT","PC_UAA","UKE4","2005",1.5
"UAAIT","PC_UAA","UKF1","2005",4.5
"UAAIT","PC_UAA","UKF2","2005",0.4
"UAAIT","PC_UAA","UKF3","2005",4.8
"UAAIT","PC_UAA","UKG1","2005",2.3
"UAAIT","PC_UAA","UKG2","2005",3.7
"UAAIT","PC_UAA","UKG3","2005",NA
"UAAIT","PC_UAA","UKH1","2005",8
"UAAIT","PC_UAA","UKH2","2005",2
"UAAIT","PC_UAA","UKH3","2005",5.3
"UAAIT","PC_UAA","UKI1","2005",0
"UAAIT","PC_UAA","UKI2","2005",5.9
"UAAIT","PC_UAA","UKJ1","2005",0.4
"UAAIT","PC_UAA","UKJ2","2005",1.3
"UAAIT","PC_UAA","UKJ3","2005",1
"UAAIT","PC_UAA","UKJ4","2005",4
"UAAIT","PC_UAA","UKK1","2005",0.4
"UAAIT","PC_UAA","UKK2","2005",0.3
"UAAIT","PC_UAA","UKK3","2005",0.3
"UAAIT","PC_UAA","UKK4","2005",0.2
"UAAIT","PC_UAA","UKL1","2005",0.1
"UAAIT","PC_UAA","UKL2","2005",0
"UAAIT","PC_UAA","UKM2","2005",0
"UAAIT","PC_UAA","UKM3","2005",0
"UAAIT","PC_UAA","UKM5","2005",0
"UAAIT","PC_UAA","UKM6","2005",0
"UAAIT","PC_UAA","UKN0","2005",0
